X,RID,ID,PC1,PC2,PC3,PC4,PC5
1,3,3,-0.0127695,0.00474681,-0.000854753,0.0132332,-0.00460476
5,4,4,0.0147502,-0.0349961,0.00712465,0.0064491,0.0078026
10,5,5,-0.00748919,-0.00695629,-0.00575735,-0.00662929,-0.00297471
15,6,6,-0.00880493,0.0044545,-0.00244278,0.00155089,0.000951841
21,8,8,-0.00675603,0.00105529,-0.00305772,0.00330131,0.00741054
26,10,10,-0.00765625,0.00650669,0.001602,0.00649776,-0.00994299
30,14,14,0.0232771,-0.0823699,0.00553383,0.0215236,0.0167489
35,15,15,0.0489241,0.0109997,-0.00496064,0.00825885,0.00527865
40,19,19,-0.00809407,0.00296077,-0.00436304,-0.0195292,-0.00144674
44,29,29,-0.0113203,-0.00123541,-0.0150358,-0.0062353,0.00801649
48,30,30,-0.0100678,-0.00387665,0.0086725,0.00107166,-0.000358231
54,31,31,-0.00591399,-0.000368815,0.00608245,0.00563138,0.00830746
60,33,33,0.0429538,0.00323119,-0.00640023,0.00214436,0.0047931
66,35,35,-0.00886448,0.00262519,-0.00048036,-0.000870621,-0.0019502
71,38,38,0.00870636,-0.00313191,0.00391256,-0.0300824,-0.0135645
74,40,40,-0.00732531,-0.000500252,0.0122691,-0.0119097,-0.0259926
79,41,41,-0.00913287,-1.53E-05,0.00163495,0.00605376,0.00286922
86,42,42,-0.0071695,0.00106703,-0.000726555,0.00595483,0.00636158
93,43,43,-0.0051641,0.000284262,-0.00383756,-0.0077281,-0.00229812
98,44,44,-0.0121504,0.00144756,-0.0137543,0.000457691,-0.00139803
101,45,45,0.0189566,0.00468359,-0.0093867,-0.00899989,-0.0213948
104,47,47,-0.0075061,0.00366982,-0.00369856,-0.00529174,0.0107624
109,50,50,-0.00449174,0.00382688,0.00588823,0.0122783,0.000947251
115,51,51,-0.00858367,0.000270838,0.0113446,0.00371487,-0.0229923
121,53,53,-4.14E-05,0.00107378,-0.0079117,-0.0123338,0.00915478
125,54,54,-0.0106219,0.00371094,0.00577848,0.0021455,-0.027573
131,55,55,-8.02E-05,0.000375867,0.00505263,-0.02195,0.00157837
135,57,57,-0.00610796,0.00204527,-0.00251548,0.000537304,0.00517845
141,58,58,-0.00704546,0.00629616,-0.00266644,0.00776403,-0.000386249
147,60,60,-0.00841125,0.00304535,0.00125575,0.00388715,0.00217572
151,66,66,0.0408304,0.00275898,-0.00125911,0.0141948,-0.00302926
156,67,67,0.044364,0.00864263,-0.00579702,0.0113156,-0.00134817
160,68,68,-0.0112119,0.00155055,-0.0175763,-0.0222064,0.00103342
166,69,69,-0.00872853,-0.00370134,-0.000906866,0.00585852,0.0010224
171,70,70,-0.00406398,-0.000816958,-0.000552419,0.00244999,0.00156913
174,72,72,0.0253454,-0.0128534,0.0285306,-0.00712427,0.0148149
179,74,74,-0.00729407,0.00577067,0.00119679,-0.000136933,-0.00432467
185,76,76,-0.0074441,-0.000594702,-0.0165005,-0.0273528,-0.00441446
189,78,78,-0.00823651,0.00172172,0.00224234,0.00731465,0.00424049
193,80,80,0.00760403,-0.00102096,0.00388789,-0.0215327,0.00565149
199,81,81,-0.00601159,0.00665245,0.0040569,-0.00274626,-0.00143823
205,83,83,-0.00746846,-0.00263344,-0.00110199,0.00320017,0.00105556
209,84,84,-0.00661498,-0.00415271,-0.00148927,0.001773,0.000677099
215,86,86,-0.0059322,-0.000724606,-0.00232328,0.0108447,0.00624163
220,87,87,-0.00554939,0.00282767,-0.00175791,-0.0141716,0.00457809
224,88,88,-0.00711855,-0.000157071,0.0010166,0.00235069,-0.00441263
228,89,89,0.0413187,0.00450192,-0.000759294,-0.00170776,-0.0175944
233,90,90,-0.00715805,-0.000676912,0.00614033,0.00144873,-0.0201381
238,91,91,-0.00835486,0.00619518,-0.0145167,-0.0275566,-0.00398035
242,93,93,-0.00845495,-0.000102128,0.0031942,-0.00232409,0.008243
248,94,94,-0.00344872,-0.00379085,0.00142393,0.00202626,0.00381467
252,95,95,-0.00606844,0.00397897,-0.00174568,0.00077434,-0.00289484
256,96,96,-0.00892418,-0.00244434,-0.00136007,0.00626051,0.00414111
262,97,97,-0.00950209,0.000970877,0.00598828,0.00800305,-0.00637121
267,98,98,0.0409078,0.00458011,0.0019455,0.0011733,-0.0185535
272,101,101,-0.00615692,-0.00105806,-0.00243314,-0.00506339,0.0122743
279,102,102,-0.010481,0.007448,0.00148101,0.00879747,-0.000468773
285,103,103,-0.0111177,0.00243515,-0.0122367,-0.00634441,0.00270082
287,106,106,-0.00930362,-0.00168698,-0.00485841,0.012393,-0.00683568
292,107,107,-0.00378189,0.0032539,0.0147466,-0.00531757,-0.00266529
298,108,108,-0.00528023,0.000593333,0.00327727,-6.87E-05,0.00116651
304,109,109,-0.00821775,0.00504379,0.00065988,-0.000360466,-0.00233511
308,110,110,0.0164699,-0.00614565,0.0225121,-0.0204635,0.0107249
312,111,111,-0.00867483,-0.000183346,0.00367382,-0.000600536,-0.016638
315,112,112,-0.00784663,0.000559541,-0.00347136,0.00294772,0.00681656
322,113,113,-0.0067554,-0.00734556,-0.00260775,-0.000731842,0.00612052
327,116,116,0.0434842,0.00987168,-0.0146262,0.00752449,0.00418883
334,118,118,-0.00518748,0.000954708,-0.00210365,-0.0270527,0.00845989
340,120,120,0.0207546,0.00509752,-0.00398332,-0.00206039,-0.000237986
346,123,123,0.0429382,-0.00413262,-7.02E-05,-0.00057807,0.00813805
352,125,125,-0.011624,-0.00281754,0.00250098,0.0102105,-0.00509567
358,126,126,-0.010191,0.00248345,0.000631348,0.000475768,0.00695409
365,127,127,0.0430341,0.00997889,0.00934345,-0.0106046,-0.025972
371,128,128,-0.0132444,0.00694638,-0.00736318,-0.00138215,0.00413402
378,129,129,-0.00991739,0.00249777,-0.0114592,-0.0100717,0.00361808
382,130,130,0.0452891,0.00943955,-0.0136303,0.00808781,-0.00350697
388,135,135,-0.00841656,2.94E-05,-0.00654523,-0.00220542,0.00970544
394,138,138,-0.00526295,0.00088298,0.00493907,0.0056708,0.00501215
398,139,139,-0.00858963,0.00236161,-0.00466987,0.00439996,-0.0011333
404,141,141,-0.0109359,0.00255229,-0.00133448,0.00496411,-0.00324116
411,142,142,-0.00728359,0.00273623,-0.00566263,-0.00814779,0.000235939
417,147,147,-0.00965493,0.00344263,-0.0016207,0.00889859,0.00252411
421,149,149,-0.0071502,-0.000892082,0.00363484,-0.0065898,-0.00096785
425,150,150,-0.00778846,0.00229051,0.00284166,-0.00470487,0.00372578
431,155,155,-0.00609211,-0.00193881,0.00272296,0.00625871,0.00731722
437,156,156,-0.00600416,-0.00281801,-0.0070566,-0.00818237,0.00286844
443,158,158,-0.00687306,0.0010457,0.00181341,0.00164599,0.00293714
448,159,159,-0.00897309,-0.00152135,-0.00126203,0.00378733,-0.00121789
454,160,160,-0.0115839,0.00469932,-0.00448071,0.0036029,-0.0185475
461,162,162,-0.0072331,-0.0011437,0.0099482,0.00319757,0.00579892
465,166,166,-0.00373561,-0.00404991,-0.00271843,-0.00559152,0.00375774
470,167,167,-0.00957683,0.00156562,-0.0135965,-0.0165061,0.00174367
474,168,168,-0.00552104,-3.55E-05,0.00217291,-0.00570971,0.00251022
476,169,169,-0.000965583,0.00117033,0.00521653,-0.00791192,0.00118787
483,171,171,0.0430039,0.00985835,-0.00122663,-0.000886772,-0.0216926
489,172,172,-0.00731119,-0.00064213,0.00320265,0.00761096,0.00533062
495,173,173,-0.00811073,0.0022362,-0.0020348,0.000173724,0.00293903
500,176,176,-0.00978944,-0.00242161,-0.00649046,0.00168688,-0.00188842
505,177,177,0.0438674,0.00587993,0.0108412,0.00465776,-0.0199906
509,178,178,0.0418928,0.00648149,-0.00363058,0.0110967,-0.00623465
516,179,179,-0.00756196,-0.00338394,0.00540531,0.00174626,0.006761
522,182,182,-0.00637529,0.00530808,-0.00369351,0.00609402,-3.35E-05
526,183,183,-0.00420158,0.000549191,0.00588085,-0.00653006,-0.00383168
530,184,184,-0.0070519,0.00530826,-0.00249632,0.00963489,0.00396726
535,186,186,-0.00902053,0.000594923,0.00683022,0.0070155,-0.00291256
541,187,187,0.0420472,0.0075114,-0.00370362,-0.00128402,0.000973892
546,188,188,-0.007742,-0.00631782,-0.00514023,0.00469426,0.00704773
552,190,190,-0.010889,0.00203248,-0.00197921,-0.00310804,0.00279917
557,194,194,0.0279625,-0.0103554,0.021507,-0.0112411,0.0196718
560,195,195,0.0268584,0.00845434,0.00178131,0.0112824,0.00465748
566,196,196,-0.00846248,0.00033746,0.00160906,-0.00638424,-0.00407437
571,204,204,-0.00571294,-0.00184911,0.00233492,0.00497646,0.00695001
578,205,205,-0.00785112,-0.00160546,-0.000979963,-0.00476176,0.00875718
584,210,210,-0.00425084,-0.0088724,-0.00179823,-0.00587468,0.0099111
590,213,213,-0.00512177,-0.00876786,-0.0135523,-0.0152165,0.00105127
593,214,214,-0.00719789,0.00747959,0.00311309,-0.00234455,0.000744843
599,216,216,-0.00485233,0.000528978,-0.0070643,-0.00502823,0.0019845
603,217,217,-0.00696143,0.00521631,0.00323993,-0.00310592,0.00562828
610,219,219,0.013759,-0.0513445,0.000306732,0.00058769,0.00156085
612,221,221,-0.0058872,0.00109299,-0.00780961,-0.00371579,-0.000199445
616,222,222,-0.00696003,0.00438278,-0.00206813,0.0044151,0.00775098
626,225,225,-0.00864246,0.004191,-0.00263366,-0.0115158,-0.000252185
631,227,227,-0.00699909,0.00429195,0.00467754,0.00681212,0.00687637
637,228,228,-0.00998353,0.00428686,-0.00219398,-0.0021869,-0.000248778
639,229,229,-0.00725526,0.00255821,0.000217634,-0.00283048,0.000387872
644,230,230,-0.00756495,0.00316307,-5.04E-06,0.00195,0.00715035
654,232,232,-0.0106267,0.00647463,0.00336792,0.0063862,0.0026845
659,240,240,0.0410822,0.0135305,-0.00890075,0.00185399,0.00011559
664,243,243,-0.00601956,0.00140612,0.00311393,-0.00126598,-0.00292915
667,245,245,0.02856,-0.00292663,0.0409043,-0.0226154,-0.0152986
669,249,249,-0.00847647,-0.00122311,-0.0120049,-0.0179485,-0.00489312
675,256,256,-0.00224991,-0.00111247,0.00074046,-0.00140912,0.00826108
682,257,257,0.0179657,0.000726122,0.00810853,0.00578324,-0.0235314
687,258,258,-0.0087227,4.60E-05,0.00992613,-0.0024872,-0.0236377
692,259,259,-0.00821899,0.00272053,-0.000376651,0.00165864,0.00549909
698,260,260,-0.00867303,0.00272089,0.00273468,0.00648476,-0.00389026
704,262,262,0.0214587,-0.00753063,0.0198886,-0.0119204,0.02097
710,266,266,-0.00326815,0.00277287,-0.00361007,0.0116287,0.00301788
714,269,269,-0.00760089,0.00168932,-0.00203534,-0.0047191,0.00646025
721,272,272,-0.00715453,0.00426849,0.00331263,-0.000788814,-0.00234429
726,273,273,-0.00819889,0.00576812,-0.00346743,0.00928393,0.00158822
732,276,276,0.0461393,0.010455,-0.0102729,0.000505935,-0.0076542
739,283,283,-0.0060533,-0.00195629,0.00108606,0.00110534,0.00635245
744,284,284,-0.00301917,0.000256322,0.0121858,-0.0147234,-0.0208246
747,285,285,-0.00871961,0.000841263,0.0100662,-0.0023322,-0.0262343
753,286,286,-0.0108283,0.00122307,-0.00325025,0.0095246,0.00106281
758,289,289,-0.0058745,-0.00736801,0.00192784,0.00477565,0.00793371
764,290,290,-0.00906878,0.00108688,0.0130554,0.0030227,-0.0165972
769,291,291,-0.00682143,-0.00126848,-0.00243419,0.00343276,-8.08E-05
775,293,293,-0.0111869,-0.00280936,-0.00699247,0.00237602,0.00875614
781,294,294,-0.00652535,0.00495082,0.00223409,0.000552176,0.00576588
788,295,295,-0.00553487,-0.00922645,0.00506869,0.00939448,0.00387849
794,296,296,-0.00170618,-0.000634862,0.00336107,0.00236546,0.00912966
799,298,298,-0.00507682,-0.00110402,-0.00648404,-0.00359016,0.0128864
804,299,299,-0.00512629,0.00201857,0.00369614,0.00836788,-0.00909693
808,300,300,-0.011364,0.00135978,-0.00746221,-0.00132031,0.000860589
812,301,301,-0.00867276,-0.00268079,0.00503895,0.00140936,0.00598524
817,303,303,-0.00687745,-0.00431437,0.000531188,0.000547339,-0.000598239
822,304,304,0.0344363,-0.0126804,0.0334825,-0.0128573,0.0218591
824,307,307,0.0457799,0.0105696,-0.00121491,0.000463988,-0.00305199
831,310,310,-0.00800036,-0.00302234,-0.000665746,0.00335737,0.00238352
835,311,311,-0.00669444,0.00423461,0.00992718,-0.00312547,-0.0252011
839,312,312,-0.00881603,-0.00281783,0.0156894,-0.00321408,-0.0199779
843,314,314,-0.00549238,-0.0036182,-0.00513661,-0.0114565,0.0141313
850,315,315,0.0411219,0.00367257,-0.00117853,0.00163689,0.00352995
856,316,316,-0.0124948,0.00311688,-0.0166264,-0.0104068,0.00412229
860,319,319,-0.0103278,0.000810022,-0.0139935,-0.0115624,0.0059235
863,321,321,-0.00697471,-0.00123335,0.0143466,0.00440723,-0.0269472
867,324,324,0.0449833,0.00246136,-0.00575999,-0.00224296,-0.000493476
873,325,325,-0.0107353,-0.000767015,-0.00495938,0.0142139,-0.0110483
878,326,326,-0.00584251,0.0031769,-0.00179566,-0.00308605,0.00148088
884,327,327,-0.00863058,0.00427444,-0.00774818,0.0133888,0.00507321
889,328,328,0.00977316,0.0013049,0.0175889,-0.00824849,0.0102159
893,331,331,-0.00760412,0.00574624,0.00376284,0.0114762,0.00360392
900,332,332,-0.0100209,0.00125543,0.00638618,0.00126973,0.0067863
903,335,335,-0.0088273,0.000482799,-0.00490655,0.0044296,0.00492794
907,336,336,-0.00701484,0.00148916,-0.00423771,0.00126807,-0.000299656
912,337,337,-0.00816852,0.0036996,-0.000856042,0.00336607,0.00128401
918,339,339,0.0408988,0.0020231,-0.00745442,-0.00163606,-0.00332226
919,341,341,-0.00253541,-0.00266634,-0.000214594,0.00423888,0.00741908
923,343,343,-0.000406659,-0.00236546,-0.00333238,-0.0126926,-0.00156496
927,344,344,-0.010876,0.00202007,-0.0033229,-0.00395135,0.00280065
933,351,351,-0.00553094,0.00538028,0.0213087,-0.0048344,-0.0186903
939,352,352,-0.00630469,0.00400654,0.00306398,-0.00277373,-0.0209257
945,354,354,0.0188481,-0.00518762,0.0224402,-0.0165843,0.00847141
948,356,356,0.0448083,0.00824867,-0.00181335,0.00357824,-0.00112148
950,359,359,0.0407164,0.000700452,0.00151109,0.00248763,0.00556053
955,360,360,-0.00467733,-0.00157247,0.00739569,0.00353276,0.0135448
956,361,361,-0.00976126,0.00505083,0.00218361,0.00361835,0.00226226
963,363,363,-0.0115834,0.00513135,0.00931064,-0.00662476,-0.0210384
966,366,366,-0.0101446,-0.000463569,0.00246155,0.00758648,0.00791516
970,369,369,-0.007869,-0.00268644,-0.000193543,0.00307658,-0.00152002
975,372,372,-0.00621304,0.00030492,0.0156154,-0.00597352,-0.0179863
979,374,374,0.0434057,0.00344547,-0.00842073,0.0011395,-0.00293161
983,376,376,-0.00506763,-0.0085512,0.00614492,0.00960979,0.00336541
989,377,377,-0.00882401,0.00348943,0.0065709,0.0054452,-0.00220389
995,378,378,-0.00405666,0.00588011,0.00732309,-0.0109675,0.00407906
1001,382,382,-0.00416023,0.000378695,0.000900159,0.00610158,0.00217419
1006,384,384,0.00924984,-0.00608009,0.0145801,-0.00682316,0.0125233
1012,386,386,-0.00738161,0.00177776,0.00691773,-0.0129261,-0.0137366
1017,388,388,-0.00567846,-0.000536387,-0.00547091,0.00288403,0.000703743
1024,389,389,-0.00988905,-0.00147555,-0.00491557,0.00454488,0.0030188
1031,390,390,-0.00823808,0.00370146,-0.00592322,0.00164878,0.00529611
1036,392,392,-0.0115423,-0.0011249,-0.00770295,-0.0112264,0.00782109
1050,397,393,-0.00689399,0.00466684,0.0070275,0.000892647,-0.0171391
1052,400,394,-0.00750357,-0.00136592,0.00411273,0.0119735,-0.00880346
1056,401,397,-0.0104118,-0.00278907,-0.00843793,0.00282044,0.00353199
1062,403,400,0.0463847,0.00599276,-0.00572684,0.00219185,0.000180387
1068,404,401,-0.0077176,-0.00251317,-0.00198007,0.000459306,-0.00117314
1072,405,403,-0.00893434,0.00782366,0.00238372,0.00349631,0.0148453
1074,407,404,-0.0011812,-0.00118491,-0.00666194,-0.0143189,0.00800464
1075,408,405,-0.00453724,0.000106893,-0.00392992,-0.0013255,0.00490417
1082,409,407,-0.00238109,0.00141818,0.00228814,-0.0108135,0.00533612
1084,410,408,-0.0073716,-0.00569211,0.00196672,0.00562084,0.00454315
1088,413,409,-0.00588459,0.000519057,0.00259379,0.00390938,-0.00128203
1094,414,410,-0.00639723,-0.000492891,0.00127857,0.0022111,0.00530244
1099,416,413,0.0330145,0.00640474,-0.00499131,0.00244898,0.00379732
1104,417,414,-0.00395263,2.33E-05,-0.000628496,-0.00501398,0.00423833
1107,419,416,0.0414294,0.000484111,-0.00407064,0.000526354,0.000399703
1112,420,417,0.0418053,0.00616501,-0.00389687,-0.00249189,0.00202041
1117,422,419,-0.00644826,-0.00134052,0.00403966,-0.00214897,0.0064725
1123,423,420,-0.00113681,-0.000103979,0.00549647,-0.00845489,-0.000689175
1127,424,422,-0.00810946,-0.00282882,-0.000367764,0.008227,-0.00138863
1134,425,423,-0.0110577,0.00251526,0.00719691,0.0113208,-0.0015775
1138,426,424,-0.00923575,0.00231416,-0.0037584,0.00414029,-0.00293844
1142,429,425,-0.0112117,-0.00191862,-0.00574225,0.00367802,-0.00318583
1148,431,426,-0.00642376,0.00293383,-0.0040421,-0.00333655,0.00567592
1152,433,429,0.0250899,-0.0109267,0.0346026,-0.0192816,-0.00534948
1157,434,431,0.0450506,0.00992127,-0.00367518,0.00165893,-0.00338115
1163,436,433,-0.00884219,0.00241827,-0.000803168,0.00330418,-0.00618279
1164,438,434,-0.00540117,0.00158747,6.28E-05,0.0038499,0.00319694
1165,441,436,-0.00947893,0.00228245,-0.0159602,0.00269483,-0.00287189
1171,442,438,-0.000411316,0.000807076,0.0110755,-0.00225297,-0.00543787
1174,443,441,-0.00788838,0.000463628,0.0173039,-0.00472973,-0.0229148
1180,445,442,-0.0101415,0.00446067,-0.0103476,-0.0120957,0.0032362
1181,446,443,0.0212472,-0.00894034,0.0243966,-0.009022,0.00765423
1184,448,445,-0.00761878,0.00663762,0.00111773,0.00420285,-0.000370199
1196,450,446,-0.00678861,-0.00258125,0.00189186,0.00213863,0.00246192
1202,454,448,-0.00498484,0.00576435,-0.00156562,0.00187149,0.00722969
1207,457,450,-0.00465235,0.00554829,-0.0230649,-0.0306919,-0.00338592
1211,459,454,-0.00855305,0.000706388,0.00441815,0.00969028,0.000473799
1216,461,457,-0.00618544,0.00123273,-0.0182178,-0.0293027,-0.00276283
1220,464,459,-0.000732395,-0.000577043,-0.00336255,-0.00851568,0.00976378
1226,467,461,-0.00922661,0.00309212,0.00484561,0.00754555,0.00443578
1231,469,464,-0.00767572,0.0049058,-0.00212996,0.00382994,0.00621658
1232,470,467,-0.00988295,0.00291637,0.00376278,-0.00798605,-0.0250068
1236,472,469,0.0244039,-0.0140955,0.0250052,-0.016618,0.0183515
1240,473,470,-0.00864746,0.00402491,-0.00337127,-0.00114802,0.00505354
1246,474,472,-0.00748128,0.00199463,-0.0083762,-0.00195028,0.00267992
1250,476,473,-0.0119008,0.00610656,-0.00639594,-0.0104904,-0.0186176
1261,479,474,-0.00101354,-0.00227337,0.000424254,-0.00485626,0.00876616
1266,481,476,-0.00588671,0.0025388,-0.00482734,-0.00265243,-0.00565279
1272,484,479,-0.00631172,-0.000830547,0.000561882,0.00673507,0.00696338
1274,485,481,-0.00662343,-0.0036073,-0.00318572,0.00139859,0.00223194
1278,487,484,-0.0101244,0.00519731,-0.0068918,-0.00869567,0.0067028
1282,488,485,-0.00583205,-0.00276323,-0.00209299,-0.00823401,0.00129685
1287,489,487,-0.0109668,0.00763617,-0.00250631,0.00737754,0.00403995
1289,492,488,-0.00745137,-0.00271645,-0.0020819,-0.00297305,0.0112791
1291,493,489,3.18E-06,0.000136437,0.00997904,-0.00173124,0.00243579
1296,497,492,-0.00859146,-0.00509371,-0.0154241,-0.0308339,-0.00585198
1300,498,493,-0.0100951,-0.000161772,-0.00061934,-8.02E-05,0.0026719
1304,500,497,-0.00943226,0.0010604,-0.00347109,-0.000455303,0.00200932
1308,501,498,-0.00370158,-0.00318636,0.000513483,-0.000675715,0.00645646
1314,502,500,0.0374866,0.00586309,-0.00382342,0.00733214,-0.00707436
1319,505,501,0.0437891,0.00709413,-0.00741385,0.00100376,-0.000745679
1325,506,502,-0.00852268,0.00295303,-0.00858636,-0.00332249,0.00515586
1326,507,505,-0.0109206,0.00149307,0.00526147,0.0096628,0.00480558
1332,511,506,-0.00172097,-0.0013384,0.011131,0.00884619,0.00238995
1337,513,507,-0.00682628,0.00356439,-0.00156607,-0.00315379,-0.00437934
1343,514,511,-0.00791865,0.00184608,-0.00680301,-0.0107695,0.00550986
1348,516,513,-0.00603707,0.00643943,-0.000649336,-0.000204512,0.00149607
1353,517,514,-0.0103132,0.00169282,-0.00225274,0.0100063,-0.00208609
1356,518,516,-0.0107561,0.00397072,0.00866102,0.0176848,0.00433192
1362,519,517,-0.010063,0.00388597,-0.000213341,0.00613387,0.000560513
1367,520,518,-0.0108214,0.00176027,-0.000100561,0.00232785,0.00541198
1372,522,519,-0.0113914,0.000185599,0.00605584,0.00994497,-0.0182946
1377,525,520,-0.0106299,0.00395966,0.00736332,0.00621574,0.00016965
1382,528,522,-0.00726772,0.00261161,0.00648954,-0.00296807,-0.0153258
1386,531,525,0.0425952,0.00332651,0.00986836,0.00947533,0.00412035
1390,533,528,-0.0111851,0.00484416,-0.0107219,0.000221117,0.000255853
1395,534,531,-0.0107448,0.00562457,0.00998681,-0.000936808,-0.022609
1400,535,533,-0.011125,0.000109912,-0.00773473,-0.0028228,-0.000272865
1409,543,534,0.0427425,0.00112226,-0.0097868,0.00349727,-0.0023291
1413,544,535,-0.00895965,-0.0019154,0.000781406,0.0105812,-0.000580437
1418,545,543,-0.00906667,0.0027285,0.00555776,0.00450022,-0.0039314
1423,546,544,-0.00577775,-0.00198081,-0.00705069,0.0086818,0.00564803
1429,547,545,-0.0110536,0.0031862,-0.00141542,-0.00201867,0.00942173
1433,548,546,-0.00961537,0.00142952,0.00405588,0.00900727,-0.00795997
1438,549,547,0.0452122,0.00589922,-0.00980302,0.00731297,-0.00166511
1442,551,548,-0.00627437,-0.00148173,0.0061698,-0.0134775,-0.0171384
1448,552,549,-0.00689902,0.00363453,0.00244519,-0.000200615,0.00197213
1453,553,551,-0.00619398,-0.00244746,0.00194982,-0.00295929,0.0109403
1458,555,552,-0.00461211,-0.000648893,0.000369518,0.00214638,0.00630676
1463,557,553,-0.0125501,-0.000662593,-0.00583985,-0.00136277,0.00930183
1469,558,555,0.0330242,0.0090428,-0.00856996,0.000878508,0.00163811
1474,559,557,-0.00741139,-0.00238481,-0.00899971,0.00636437,-0.00177663
1479,563,558,0.0232467,-0.00872886,0.0217563,-0.019131,0.00957598
1485,565,559,-0.00759959,0.00547208,0.00183243,0.0116418,0.00162167
1489,566,563,-0.00713514,-0.00270903,0.00171084,-0.00637025,-0.000157474
1495,567,565,-0.00968839,0.000149145,-0.00803659,0.00447751,0.00172018
1501,568,566,0.000872526,-0.00258759,0.00147707,-0.0125964,-9.72E-05
1506,572,567,-0.00790477,0.000962114,-0.000570105,0.00173861,0.00856609
1512,575,568,0.0447855,0.00410157,-0.00443202,0.0137151,0.00433957
1516,576,572,-0.00759727,0.000393101,-0.00456556,-0.00381586,0.00480741
1520,577,575,-0.0100655,0.000823095,-0.000458021,0.00384007,-0.00193575
1524,578,576,-0.0105108,0.00083911,-0.0104476,-0.00698118,-0.00476487
1528,579,577,-0.00809126,-0.00124315,-0.00317733,-0.00210079,-0.0012722
1533,588,578,-0.00628451,-0.00144564,-0.00399809,-0.00198314,0.000920291
1538,590,579,0.0144116,0.00433152,-0.00812673,-0.00742813,0.00872438
1539,592,588,0.0434816,0.00915252,-0.00853616,0.00910939,0.000928702
1540,598,590,-0.0098933,0.000217552,-0.0052352,-0.000132866,-0.00157609
1545,601,592,-0.0101823,-0.00279082,0.000156303,0.0052383,0.0075915
1550,602,598,-0.00855821,0.0062579,-0.00130217,0.00507518,0.00494494
1555,604,601,-0.00713157,-6.85E-05,0.00424636,0.00133385,-0.00456144
1561,605,602,-0.00800051,0.000621148,0.00426374,0.00548051,-0.00243271
1566,606,604,-0.00617853,0.00659955,0.00309119,0.00634252,-0.000212107
1576,608,605,-0.0126664,7.82E-05,-0.0134836,-0.00399767,0.00559677
1580,610,606,-0.00137429,0.000155714,0.00775851,-0.00239595,0.00924245
1585,611,608,-0.00672466,0.000825852,0.0124273,0.0132959,-0.0116034
1591,613,610,-0.00656376,-0.00230457,-0.00385673,-0.00175435,-0.000462471
1592,618,611,-0.00871546,-0.000362541,-0.00724888,0.00896137,-0.000932968
1597,619,613,-0.011029,-0.00166662,0.00422713,0.0082149,0.00369483
1601,621,618,-0.0106199,0.00254537,-0.00732284,0.0039083,0.00462968
1607,622,619,-0.00760798,0.00175232,-0.00518305,-0.00838911,-0.00254393
1612,625,621,-0.00701114,-0.0056993,0.00472526,0.00845245,0.00824013
1618,626,622,-0.00732229,0.00461785,-0.00241947,-0.0032993,-0.000306768
1624,627,625,-0.00927688,0.00296625,-0.00309674,0.00442769,0.00905028
1628,629,626,-0.00798806,-0.00146645,-0.00935435,-0.0247314,-0.0153588
1632,631,627,-0.00786425,-0.00161747,0.00284305,0.00289026,0.0101559
1638,633,629,-0.00764048,0.00437653,-0.000900838,0.00410638,0.00249651
1642,634,631,-0.00795652,-0.00191298,4.02E-05,0.00088104,0.00598112
1648,637,633,-0.00800598,-0.000461375,0.000794825,0.00391201,-0.00282758
1653,638,634,-0.0101139,0.00430393,0.00219323,0.00952128,-0.00561294
1658,640,637,-0.0149604,-0.00578513,-0.0324356,-0.0124932,-0.00756335
1659,641,638,-0.0067766,0.00218113,-0.0107652,0.00289178,0.00571542
1660,642,640,0.0446276,0.0048766,-3.33E-05,0.00236061,-0.00612592
1663,643,641,-0.00883975,-0.00257711,0.00474084,-0.00291232,-0.00399101
1668,644,642,-0.00616649,-0.000107168,-0.00507399,0.012707,0.00252251
1674,647,643,-0.00944235,0.00170179,-0.0110063,-0.0108169,-0.00169377
1678,648,644,-0.00799987,0.00266913,-0.00190278,0.00798685,0.000688151
1683,649,647,0.0429031,-0.00117917,-0.0114231,0.0037698,-0.00140909
1689,653,648,-0.00513726,-0.000597831,-0.000761321,0.000769263,0.00867791
1690,656,649,-0.00768342,0.0030389,0.00162444,-0.0011503,0.00653972
1696,657,653,-0.00735426,0.00305791,0.00160182,-0.000748178,-0.000107242
1701,658,656,-0.010642,0.00197033,-0.0148889,-0.000773233,0.00671409
1707,667,657,0.0436103,-0.00102586,-0.0134555,0.00668626,0.000444518
1713,668,658,-0.00613017,0.00260226,0.00291247,0.000870159,-0.00499908
1719,669,667,-0.00847707,0.00319168,0.00898486,-0.00279491,-0.00529961
1725,671,668,-0.0073011,0.000823727,0.00433334,0.00413053,-0.00329787
1730,672,669,-0.00729507,0.000199215,0.00209469,0.00373044,0.00158503
1735,673,671,-0.0100319,-0.00045641,0.00109279,0.00317098,-0.00661849
1741,675,672,-0.00889565,0.00229018,-0.00334312,0.00427862,-0.00246926
1745,677,673,-0.00925186,-0.000327664,-0.00109378,0.00822369,-0.00332152
1750,679,675,-0.00651788,0.00679787,0.00531196,-0.00461226,0.00618624
1756,680,677,-0.0090345,0.00389284,2.35E-05,0.0154319,-0.00186228
1761,681,679,-0.00970394,-0.00123503,0.00244703,-0.00368282,0.0120708
1765,682,680,0.040167,0.00124871,-0.0126477,0.00560927,0.00170484
1769,685,681,-0.00609538,-0.0047732,0.00130804,-0.00162418,-0.00137027
1774,686,682,0.00688567,-0.00367439,-0.00249891,-0.0281366,0.00635794
1779,689,685,-0.00873524,0.000276635,-0.000211495,-0.00384823,0.0017398
1783,690,686,-0.00627328,0.00721785,-0.0106686,0.00955744,0.00124057
1787,691,689,-0.00695168,-0.00357147,0.00117155,0.00195405,-0.00242946
1790,692,690,0.045637,-0.000925434,0.00019373,0.0114018,-0.00135115
1794,695,691,-0.00746275,0.00301735,-0.0059366,-0.00368969,0.0080166
1800,697,692,-0.0080181,0.00280409,-0.00167357,-0.000513822,0.00264322
1804,698,695,-0.011043,0.00629755,-0.010234,0.00200953,0.00960187
1810,699,697,0.0396343,0.00665342,-0.00486771,-0.00130303,0.000956907
1811,702,698,-0.0070727,0.00253102,0.0218104,0.00147041,-0.0200523
1817,708,699,-0.00399211,-0.0014948,-0.00278825,-0.00447369,-0.00133307
1823,709,702,-0.0102394,0.00110791,0.0115677,0.0034404,-0.000806455
1829,711,708,-0.00907979,-0.00171712,0.0160778,0.0115613,-0.0194501
1834,712,709,-0.00415148,0.000176553,0.00310365,0.00430563,0.00140473
1837,715,711,-0.00385395,-0.00197741,-9.71E-05,0.00108562,0.00250174
1840,717,712,0.00679019,-0.00902635,0.012008,-0.00443755,0.020766
1844,718,715,-0.0091082,-0.000794628,0.00184813,0.0132375,-0.00197847
1850,720,717,-0.00895386,-0.00171051,-0.00197961,0.0073827,0.00145078
1853,721,718,-0.0114285,0.00515769,-0.00425995,0.00764444,0.000926467
1855,722,720,-0.00495062,-0.00139114,-0.00137285,0.0109736,0.00855215
1861,723,721,-0.00929973,0.0017601,-0.00506842,-7.34E-06,0.0031671
1867,724,722,-0.00766675,-0.00186703,-0.0086361,0.00914864,0.0134463
1871,725,723,-0.0105568,0.00274903,-0.00292758,0.00308496,0.00170319
1876,726,724,-0.0093929,0.00297059,0.00809314,0.00726051,0.00671657
1881,727,725,-0.0048168,-0.00287292,-0.0023334,0.00510803,0.0120922
1886,729,726,-0.00818942,0.0022961,-0.00102969,0.00184429,-0.00357174
1892,730,727,-0.00489577,0.00151604,-0.0023383,-0.00600913,0.00345649
1896,731,729,0.00713682,-0.000106047,0.00341157,-0.0187052,0.00430528
1900,733,730,-0.00702787,-0.00104048,-0.00396917,-0.00736351,0.00256128
1904,734,731,-0.00496035,0.000901495,0.0027292,0.00131731,0.00205241
1909,739,733,-0.00746793,-0.00223341,0.00526629,0.00680404,0.00925491
1913,740,734,-0.00570917,0.00330411,0.00572251,0.00568255,-0.00328851
1916,741,739,-0.00782017,0.00402518,-0.0056906,0.000510931,-0.00194096
1921,743,740,-0.00584129,0.00786709,0.00642433,0.000817439,0.00668015
1923,746,741,0.0452575,0.00783176,-0.0132902,0.00825776,-0.00261186
1929,747,743,-0.0118401,-0.00145995,0.00948558,0.0080448,-0.0212791
1933,748,746,-0.00996005,0.00708171,-0.000133471,0.0020888,-0.00383365
1938,750,747,-0.00736811,0.000749743,0.00475617,0.00197436,-0.00520764
1943,751,748,-0.00782531,0.00602415,-0.00358708,-0.0072236,0.00141094
1948,752,750,-0.00707048,0.000133139,-0.00113339,0.00181072,0.00426098
1954,753,751,-0.0040505,0.000790078,0.00230705,-0.00742592,0.00534446
1958,754,752,-0.00971528,0.000354043,0.00743744,0.0116367,-0.00142905
1962,759,753,-0.00757193,0.00539352,-0.000436838,0.00365739,0.00420615
1966,760,754,-0.00736917,0.00268727,0.00197395,0.00876384,0.00726346
1970,761,759,-0.00878706,-0.00208405,0.000714309,-0.00192701,0.00668843
1971,767,760,-0.00958101,0.004955,-0.00658224,0.00611208,-0.0090595
1975,768,761,-0.00345043,-0.00526554,-0.0112609,-0.019086,-0.000190861
1979,769,767,0.019495,-0.0165367,0.019648,0.000446553,0.00914705
1984,770,768,0.0451324,0.0101073,-0.00426023,-0.000368379,-0.00625809
1988,771,769,-9.49E-05,-0.00308891,0.0194965,-0.0151183,-0.0077338
1994,778,770,-0.00650392,0.00242824,0.0122252,0.00212795,0.00820518
1999,779,771,-0.00816277,-0.000587083,0.0048415,0.00163381,0.000549885
2004,782,778,-0.00759523,0.00729851,0.00762246,0.00281265,-0.0129343
2010,783,779,-0.00621575,0.0022043,-0.00907507,-0.0109939,0.0040833
2015,784,782,-0.00413023,-0.000149249,0.00449342,0.00399633,0.00087242
2019,786,783,0.0446635,0.00153371,-0.00181363,0.00828696,-0.00384943
2023,790,784,0.022843,0.00506023,0.00919168,0.00638504,-0.0281331
2026,792,786,0.0424307,0.00445338,-0.0056829,-0.00517101,-0.00677672
2032,793,790,-0.01006,0.0010587,0.00337839,0.00113697,-0.00160606
2036,796,792,-0.0101314,0.00252158,0.00430932,0.00812593,0.0092718
2040,800,793,-0.00704935,0.00277864,-0.00113585,0.00596467,0.00405386
2046,802,796,-0.000389755,-0.000571281,0.00400067,-0.0123073,-0.0185702
2052,803,800,-0.00733998,0.00174053,0.00168176,0.00548664,0.00337251
2056,810,802,-0.00817227,0.00261428,0.00249624,0.00363988,0.00727889
2059,812,803,-0.00579277,0.00721259,-0.00905547,-0.00152124,0.00218296
2062,813,810,-0.00667878,0.00335513,0.0069317,-0.00223735,0.00658409
2067,814,812,-0.00652281,-1.90E-05,1.62E-05,-0.00376851,0.00368637
2071,816,813,-0.0119617,-0.000700132,0.00487441,-0.00328205,-9.43E-05
2074,818,814,-0.00948517,0.0026826,0.000239698,0.0096496,9.77E-05
2078,821,816,-0.00583423,0.00827526,0.000264422,0.00376104,0.00667869
2082,824,818,-0.00514617,-0.000333201,0.00197779,0.000883631,0.00600382
2087,825,821,-0.0083212,-0.000183277,-0.00122494,0.00195503,-0.00181415
2090,828,824,0.013467,-0.0390431,0.0114679,0.00489002,-0.00839046
2091,829,825,0.0427603,0.00537469,-0.00714748,0.00713563,0.00665164
2095,830,828,-0.00525914,-0.00409598,0.000200815,0.00362211,0.00417255
2101,832,829,-0.00812188,8.62E-05,-0.0031187,0.0050374,-0.000756761
2105,834,830,-0.00582273,-0.00134232,0.000287573,-0.00334645,-0.00633262
2111,835,832,-0.00733864,0.000336264,-0.0081524,0.000413393,0.00654644
2117,836,834,-0.00869518,-0.000326472,0.00331397,0.00719845,-0.0074809
2120,839,835,-0.00401008,0.000533369,-0.00203456,-0.00758462,0.00759516
2125,841,836,-0.00690949,0.00401207,0.00103488,0.00297229,0.00999929
2127,842,839,-0.0103432,-0.000290482,-0.00202453,0.00293581,0.00183383
2132,843,841,-0.0119183,0.00224665,-0.0132436,-0.0381066,-0.0266358
2137,844,842,-0.00671376,-0.000374062,-0.00617291,-0.0035494,-0.00337456
2141,845,843,-0.00856934,-0.00243756,0.00129504,-0.000147451,-0.0220467
2146,850,844,-0.00694688,0.0019586,0.000277376,0.00267222,0.00445507
2151,851,845,-0.000467735,-0.00659423,0.00868132,0.00182599,0.00563162
2156,852,850,-0.0129397,0.00166942,0.0018244,0.020722,-0.00506909
2160,853,851,-0.00738928,0.00261107,0.00119621,0.00515117,0.00279608
2163,855,852,-0.00808186,-0.00292065,-0.00249595,0.00804111,0.00299683
2167,856,853,-0.00919859,0.00517081,-0.000750936,0.00684256,0.00534288
2172,860,855,0.0331395,-0.0096517,0.0299068,-0.013297,0.0108704
2175,861,856,-0.0098196,-0.00376892,-0.00134875,0.000617012,0.000310797
2181,862,860,-0.00671682,0.00359603,-0.00280304,0.00112433,0.00400353
2185,863,861,0.00784179,-0.00630056,0.0139399,-0.0116482,0.0175655
2188,865,862,-0.00854387,0.00291459,0.000703423,0.000593227,0.000433415
2194,866,863,-0.000240554,-0.00186758,0.0111269,-0.0170626,-0.0237062
2199,867,865,-0.00561077,0.00118348,-0.000677778,-0.00174812,0.0091802
2205,869,866,-0.00885478,-0.000945721,-0.000713644,0.000149149,0.000938218
2211,872,867,-0.00783947,-0.00252476,0.0139288,0.00368614,-0.0226982
2216,873,869,-0.0111011,-0.000546351,-0.00117894,0.00991414,-0.00665027
2222,874,872,-0.00706365,0.000415787,-0.00802511,0.0023338,0.00646859
2228,880,873,0.0199816,-0.00526643,0.0336424,-0.0233896,-0.00745809
2231,883,874,0.0419974,0.00730527,-0.00501213,0.00376411,0.00352496
2236,884,880,-0.00924413,0.00376815,0.000874532,-0.000279481,0.00220636
2237,886,883,-0.00468958,0.00055233,-0.00796074,-0.00743469,-0.0103274
2242,887,884,-0.0042503,-0.00554682,0.00195127,0.00368921,-0.00175186
2248,889,886,-0.00455633,0.00117585,0.00277646,-0.00594534,0.0014486
2252,890,887,-0.00602267,0.00031009,-0.00839769,-0.0116012,0.00456674
2254,891,889,-0.0091152,-0.00171203,4.32E-05,0.0123123,0.00584628
2258,892,890,-0.00501828,-0.00544643,0.0135553,0.0113228,-0.000858328
2264,896,891,-0.00202759,0.00479119,0.0116556,-0.0139737,-0.0158799
2269,898,892,-0.0042807,-0.000413652,-0.00775463,-0.00656292,0.00211163
2274,899,896,0.0431055,0.00403337,-0.010136,0.00575189,-0.00114092
2279,904,898,-0.00783396,0.00344155,-0.000961164,0.0106035,-0.00610987
2284,906,899,-0.00949585,0.00522774,-0.00751004,-0.00856758,0.002649
2290,907,904,-0.00584467,-0.00117278,0.000469114,0.00266506,0.00118939
2295,908,906,-0.00847192,0.00515734,0.00156269,-0.00131103,-0.00240475
2301,913,907,-0.0116638,0.00203626,0.00491779,0.0083805,-0.000115014
2305,914,908,-0.00793579,0.00386857,0.0203965,-0.00329776,-0.0260246
2311,915,913,0.0169413,-0.00632595,0.030398,-0.0139736,-0.00118841
2319,919,914,-0.00769562,0.000456911,-0.00845781,-0.0112327,0.00743169
2325,920,915,-0.00882456,0.00418096,0.0010849,2.81E-05,-0.00180094
2330,921,916,-0.0090895,-0.00302915,-0.000293214,0.00886951,7.58E-05
2336,922,919,-0.0062591,0.00669044,0.00642538,0.00544879,0.00800549
2342,923,920,-0.00832783,-0.00064101,0.00706053,0.00464963,-0.00657467
2347,924,921,-0.00467979,0.00134139,0.0146741,-0.010002,-0.0221605
2349,925,922,-0.00991509,0.00369633,-0.00304908,-0.00413666,-0.00309973
2355,926,923,-0.00750005,0.00343495,-0.000271263,0.00193803,0.000563582
2360,928,924,0.0443755,0.00696742,-0.00706197,0.00663809,-0.00482986
2363,929,925,-0.00597139,0.00498925,-0.000235471,-0.00533724,0.00240557
2366,930,926,-0.00441345,-0.00342026,0.00992344,-0.00354935,-0.0139237
2371,931,928,0.0461045,0.00621386,-0.00313014,0.00578878,0.00384771
2376,932,929,-0.00883596,0.00342269,0.00541266,0.00463597,-0.00315447
2385,938,930,-0.006164,0.00509819,-0.00136329,0.00755177,0.000683193
2389,941,931,-0.00954071,0.000815616,0.0165511,-0.00375029,-0.0176339
2393,945,932,-0.0091301,0.000321239,-0.00324222,-0.00107727,0.00413123
2399,947,934,0.000833415,-0.0181591,0.00793602,0.011919,-0.0166641
2403,951,938,0.0440512,0.00511466,-0.00621667,-0.000439484,-0.00225426
2407,952,941,0.0428285,0.0072026,-0.0103808,-0.00115232,-0.00788572
2412,954,945,-0.00709378,0.00286718,0.00572302,-0.000945158,0.00368613
2417,957,947,-0.00966537,-0.00255119,-0.00165596,0.00159805,-0.0053524
2419,961,951,-0.00850593,-0.0011194,0.0036188,0.0156304,-0.00852933
2425,963,952,-0.00772835,0.00393333,0.00118213,0.00117111,-0.0027508
2430,969,954,-0.0101228,-0.00354497,0.00704338,-0.00248283,-0.0111276
2435,972,957,-0.00798969,0.00429532,-0.00424485,0.00726609,0.00895329
2440,973,961,-0.00677413,-0.00133418,-0.000493321,0.0106158,0.0106478
2446,976,963,0.0240132,-0.0151976,0.0158622,-0.00633185,0.0137368
2452,978,969,-0.00687427,0.00147933,0.00437055,0.00588404,0.00563364
2458,979,972,0.0438232,0.00556662,-0.00637537,0.00319807,-0.00216814
2462,981,973,-0.00700185,0.000385165,0.000862587,0.0020235,-0.00352121
2467,982,976,0.0214348,-0.00712984,0.0390337,-0.0106325,0.00180043
2472,984,978,-0.00754721,-0.000546669,-0.0022529,0.00485121,0.00182956
2477,985,979,-0.00772206,0.00200617,-0.00940606,0.00170756,0.0105784
2482,987,981,-0.00709215,0.00054584,0.00365477,0.0114508,0.00494321
2486,989,982,-0.0110362,0.000932981,0.00420207,0.0129565,0.00938099
2490,991,984,0.0450149,0.0116702,-0.00194863,-0.000186059,-0.000490347
2494,994,985,-0.00888251,-0.00361002,0.000795401,0.00469586,0.00358778
2500,995,987,-0.0077333,0.000470547,2.62E-06,-0.000290155,0.00238647
2506,996,989,0.0438075,0.0107164,-0.00487413,0.00248518,-0.00178995
2510,997,991,0.0408367,0.00677065,-0.00998229,-0.00450694,-0.000467042
2516,999,994,0.0102861,-0.00435258,0.00658911,-0.0217483,0.0124363
2520,1002,995,-0.00778295,0.00157302,0.00280727,0.00599217,-0.00290701
2525,1004,996,-0.00835958,-0.00049017,0.00856993,0.00157154,-0.0152823
2530,1007,997,-0.008537,0.00169683,-0.00673765,-0.0074377,0.0037308
2535,1009,999,-0.00841044,-0.00266866,0.00446126,0.013226,0.00489106
2539,1010,1002,-0.0132396,-0.00396252,-0.0187385,-0.0141923,-0.00291168
2545,1015,1004,-0.00867079,-0.00140408,0.00829058,0.00259969,-0.0182612
2547,1016,1007,-0.0100096,0.00367076,-0.00229957,0.00827906,-0.00164284
2552,1018,1009,-0.00792502,0.00171789,0.0011648,0.00498863,0.0020381
2556,1021,1010,0.0445031,-0.00269268,-0.00959956,0.00411823,0.00207851
2558,1023,1015,-0.0079406,0.000124952,-0.00299024,0.012165,0.00115256
2563,1024,1016,-0.0107221,0.00562553,0.00673329,0.0107046,0.00299975
2567,1027,1018,-0.0101792,-0.00237025,0.00839138,0.0171267,6.41E-05
2570,1028,1021,0.0454871,0.00308933,-0.00861243,0.00113955,-0.00403824
2575,1030,1023,-0.00703591,0.001376,0.00469305,-0.000117982,0.00334471
2580,1031,1024,0.0433187,0.00339526,-0.0107123,0.0038777,0.00597499
2585,1032,1027,-0.0109974,0.00109131,-0.0256078,-0.0271148,-0.00909141
2591,1033,1028,-0.0117141,-0.000442784,-0.00177622,0.00247503,0.00491898
2594,1034,1030,-0.00998063,0.00740297,-0.00564491,0.00111145,-0.00612864
2600,1035,1031,-0.0105764,-0.00678322,-0.000701737,0.00434431,0.00716765
2604,1037,1032,-0.00575022,0.00646401,0.00158292,0.00318128,-0.000811069
2606,1038,1033,-0.00941925,0.00311156,-0.00683812,-0.00317044,0.00526665
2610,1040,1034,0.0453603,0.00292827,-0.00112534,0.00498606,-0.00450591
2613,1041,1035,-0.00964852,-0.00262738,-0.000957446,0.00262743,-0.0003169
2617,1043,1037,0.00862406,-0.063203,-0.00422417,0.0128303,-0.0411676
2622,1044,1038,-0.00446455,-0.00461928,0.00176866,-0.00314706,0.010302
2626,1045,1040,-0.0043442,-0.00314561,-0.00683048,-0.00604054,0.00487523
2632,1046,1041,-0.00714134,0.00191931,0.00395703,-0.00096178,0.00307869
2638,1051,1043,-0.00354176,-5.16E-05,-0.00240028,-0.00216779,0.0083422
2641,1052,1044,-0.00239174,-0.00230785,0.012055,-0.00479491,0.00569161
2645,1054,1045,-0.0114039,0.000508209,-0.00181161,0.00988724,-0.00173557
2650,1055,1046,-0.00887972,-0.00185776,0.0066475,-0.00470592,-0.0197005
2654,1056,1051,-0.00855129,0.00355803,0.0150502,-0.000480571,-0.0229641
2658,1059,1052,-0.00782404,0.00136423,-0.00449824,-0.00794828,0.0107782
2662,1062,1054,-0.00812502,0.00305671,-0.00233559,0.00427039,-0.00328403
2666,1066,1055,-0.008364,0.00842708,-0.00252914,0.00168624,-0.000377036
2672,1070,1056,-0.00728211,-0.00400351,-0.0148391,-0.00515058,0.0170553
2679,1072,1059,-0.0106261,-0.000564887,-0.0244487,-0.0384036,-0.00466183
2684,1073,1062,-0.00672578,-0.000501013,0.012164,0.00119191,-0.0172864
2690,1074,1066,-0.0115053,-0.00125622,-0.00507775,-0.0014249,-0.00234134
2695,1075,1070,-0.00468303,-0.0038812,0.000711331,-0.000609845,0.00756551
2700,1077,1072,-0.00729187,-0.00242508,0.00561791,0.0134706,0.00692086
2706,1078,1073,-0.00813003,-0.00447363,0.00519674,0.00479994,0.00380465
2712,1079,1074,-0.00359901,-0.000897529,0.00587477,-9.43E-05,-0.0268011
2715,1080,1075,-0.00975578,0.00254154,-0.00187424,-0.000944591,-0.00302564
2721,1081,1077,-0.00778147,-0.00618741,-0.00701202,-0.00302195,0.00883572
2726,1082,1078,-0.00790965,0.00266146,-0.00181405,-0.00257938,-0.00218211
2731,1083,1079,-0.00804201,0.000855841,-0.00478468,0.00817295,-0.0113203
2733,1086,1080,-0.00703293,0.00395796,-0.000817295,0.00408083,-2.58E-05
2737,1090,1081,-0.0103857,0.00326377,-0.00179487,0.0114383,-0.0099851
2740,1092,1082,0.0126676,-0.0215489,0.0147974,-0.00618378,0.0167298
2746,1094,1083,0.0172619,0.00628946,-0.00948187,0.00357365,0.00427951
2749,1095,1086,-0.00812255,-0.000628286,-0.00669231,-0.00412549,0.00464595
2753,1097,1090,-0.00784939,0.00135831,-0.00424536,-0.000545654,0.00168232
2759,1098,1092,-0.00807333,-0.00704328,0.00505242,0.00463865,-0.01386
2767,1102,1094,0.0432755,0.00201882,-0.00689967,0.00381477,-0.00172615
2770,1103,1095,0.000837048,0.000969896,-0.00220344,-0.0219941,-0.00444353
2775,1106,1097,-0.00751149,0.00209013,-0.00451201,-0.0108612,0.00232265
2781,1109,1098,-0.00904824,0.00443274,-0.000390993,0.00168728,0.000421908
2785,1113,1102,-0.0121536,-0.00123908,0.00480951,0.0101928,-0.0132087
2787,1116,1103,-0.0119359,0.000230049,-0.0154371,0.00192671,0.00466339
2792,1117,1106,0.00993198,-0.0153725,0.0184685,0.00268093,0.0131396
2797,1118,1109,-0.00826084,0.00453566,-0.0230385,-0.0198074,0.00141654
2803,1119,1113,-0.000961065,-0.000802055,0.0092457,-0.01714,-0.00997148
2807,1120,1116,0.0458366,0.00946611,-0.00188434,0.00847087,-0.00421977
2812,1121,1117,0.0107172,-0.0323246,0.00593596,-0.00172265,0.0109439
2818,1122,1118,0.0122241,-0.0811278,-0.0285502,0.0122475,-0.012753
2824,1123,1119,0.0335946,0.00358301,0.00125506,-0.000298484,0.00447936
2834,1130,1120,0.0278911,-0.0117325,0.0246609,-0.0182429,0.0162712
2839,1131,1121,0.0458195,0.00129431,-0.00769021,0.00308248,0.000439996
2844,1133,1122,-0.00672559,-0.00427595,-0.00846554,0.00068202,0.009028
2849,1135,1123,-0.00766737,-0.00190161,0.00365735,0.00851051,0.00553348
2854,1137,1130,-0.00794306,0.00237956,0.00335382,0.00869185,-0.00641383
2857,1138,1131,0.00947416,-0.0143185,0.00620362,0.0110626,0.0141646
2863,1144,1133,-0.00806474,0.000225146,0.00797929,0.00199644,0.000360851
2867,1148,1135,-0.00560888,-0.00577284,-0.014028,-0.0244048,-0.0021692
2871,1149,1137,0.0444978,0.00745472,-0.00654348,0.00955943,-0.00233142
2872,1152,1138,-0.000318541,-0.00191693,0.00982555,-0.00569046,0.0112652
2875,1154,1144,0.0441697,0.00628217,-0.0115641,2.68E-05,-0.00384509
2878,1155,1148,0.00633662,0.00140977,0.0118231,-0.00371796,-0.0186325
2884,1161,1149,-0.00713213,-0.00176961,0.00223807,-0.00257843,-0.00361645
2887,1164,1152,-0.0107587,0.00670357,-0.0100921,-0.00915203,-0.00367807
2891,1165,1154,-0.0103922,-0.00267147,0.00081384,0.00188239,0.00422374
2896,1168,1155,-0.00795729,0.00903333,0.0128772,0.0177547,0.00135311
2906,1170,1161,0.00867553,-0.000260069,0.0221311,-0.00961674,-0.00131121
2910,1171,1164,-0.00632735,-0.000306186,0.000371651,-0.00976498,0.0022261
2914,1175,1165,-0.00582498,-0.0026049,-0.00240157,-0.00164665,0.00909307
2918,1182,1168,0.043307,0.00904782,-0.0116927,0.00457329,-0.002807
2924,1184,1170,-0.0116315,0.00665451,0.00496421,0.00662541,-0.0188531
2925,1185,1171,-0.0105457,0.00341906,0.0111485,0.0116763,-0.0185216
2927,1186,1175,0.0221934,-0.00801725,0.0204278,-0.0172071,0.0151852
2932,1187,1182,-0.00755864,-0.00143557,0.00246471,0.00773389,-0.000985599
2938,1188,1184,-0.00961358,-0.00179891,-0.00121028,0.0101613,0.00574547
2944,1190,1185,-0.00881287,0.00196824,-0.00738907,0.00082307,-0.00127986
2949,1191,1186,-0.00326409,-0.00379272,-0.00781336,-0.0139066,8.73E-05
2951,1192,1187,0.0109384,-0.0929593,-0.0312241,0.0127542,-0.00587821
2952,1194,1188,0.0540466,0.00425656,-0.00963059,0.00564064,-0.00281981
2956,1195,1190,-0.00888699,0.00196865,0.0012551,0.00336237,0.000426319
2960,1197,1191,0.0421401,0.00313638,-0.00653791,0.00591148,0.00618101
2964,1200,1192,0.0229506,-0.00075745,0.00492838,-0.00482617,-0.0111447
2967,1202,1194,-0.00884203,0.00243439,-0.00660688,-0.00102677,0.00788576
2971,1203,1195,-0.00235784,-0.00528192,0.0118613,-0.00389941,0.00661242
2975,1204,1197,-0.0116623,0.00633361,-0.00263474,0.0204253,-0.0043481
2977,1205,1200,0.0442679,0.0109303,-0.0162718,0.011276,-0.00569116
2980,1206,1202,-0.00782642,0.000202947,-0.00202972,0.0032866,-0.000500248
2985,1209,1203,-0.00839117,0.000422818,-0.00554479,1.28E-05,0.00216157
2989,1210,1204,-0.00908127,0.00593415,0.00109429,0.00600251,0.0112256
2990,1211,1205,0.0453598,0.00924834,-0.00704639,0.0086925,-0.00112058
2996,1212,1206,-0.00857771,0.00337163,0.00166576,0.002761,0.00800644
3001,1213,1209,-0.0081301,-0.00418779,-0.00163862,0.00307524,-0.00428901
3006,1215,1210,-0.00323701,-0.0123584,-0.00579994,-0.019987,-0.0486095
3011,1217,1211,-0.00647209,0.000384965,0.00215604,0.00876204,0.00104655
3016,1218,1212,-0.000363687,-0.00168833,0.00356379,-0.00662421,-0.000383984
3021,1221,1213,-0.0129665,0.00679881,-0.0055419,0.0143642,-0.00394184
3025,1224,1215,-0.00778037,0.00126214,0.0053393,0.0107476,-0.00112697
3031,1225,1217,-0.00712095,-0.000365634,0.00467804,-0.00234026,0.00597884
3041,1227,1218,-0.00515374,0.00280325,-0.00621876,-0.0083491,0.00342234
3047,1231,1221,0.0162573,0.0079658,0.00814945,0.00130208,-0.00160777
3050,1232,1224,0.00720964,-0.00256122,0.0109626,-0.0129363,0.0122948
3055,1240,1225,-0.00734216,0.00234716,3.08E-05,0.00111612,-0.000827581
3060,1241,1227,-0.00990564,-0.00235032,0.00423882,0.00591267,-0.00575879
3065,1243,1231,-0.00855946,0.00253699,-0.000488562,-0.00458629,0.0139035
3071,1244,1232,0.039442,-0.0143383,0.0420915,-0.02077,0.0242475
3073,1245,1240,-0.00732166,0.00137604,0.0113018,0.00608551,-0.00786781
3076,1246,1241,-0.00806559,0.0077275,0.00288068,0.00302888,0.0119587
3082,1247,1243,-0.00954826,0.00122565,-0.0042251,0.00433263,0.00317885
3087,1248,1244,-0.012341,0.00660134,-0.0115835,0.00178973,-0.00236706
3088,1249,1245,-0.00642513,-0.000472955,-0.00814194,-0.0100233,0.00554392
3093,1251,1246,-0.00899138,0.000544791,-0.00158866,0.00942832,-0.00120596
3097,1253,1247,-0.00889623,0.00390293,0.000699559,0.0124675,-0.0141155
3101,1254,1248,-0.0086946,0.00452182,-0.000212911,0.00124007,0.00926814
3105,1255,1249,-0.00990877,0.00124678,0.00561488,0.00825397,0.0066016
3110,1256,1251,-0.0129647,0.00560149,-0.0158163,-0.00343514,0.00292453
3115,1257,1253,-0.00504289,0.00258188,0.00547604,-0.00470435,0.00418854
3118,1260,1254,-0.00704353,0.00202268,0.000626379,0.00697102,-0.000206562
3123,1261,1255,-0.00764359,-0.00174647,-0.00536325,0.00306006,0.00233885
3128,1262,1256,-0.00536337,-0.0045293,-0.00839231,-0.00405935,-0.00436752
3133,1263,1257,-0.00767688,-0.00526918,-0.00806732,-0.00598632,0.00954977
3135,1265,1260,-0.00720167,0.00220654,-0.00270413,0.000207995,0.00471993
3140,1267,1261,-0.00803704,0.00528144,0.00083267,0.00223536,0.00843498
3144,1268,1262,-0.00750032,0.00502398,-0.00548529,-0.00173784,0.000426463
3150,1269,1263,-0.00935283,-0.00152558,0.00273356,0.00750565,-0.00575861
3155,1271,1265,-0.00807437,0.00152572,1.75E-05,0.00157267,-0.00193959
3161,1275,1267,0.0489132,0.0072528,-0.00767528,0.00981502,-0.00452598
3165,1276,1268,0.0472914,0.00754972,-0.0127974,0.00538525,-0.00493638
3169,1277,1269,0.0220525,-0.0104263,0.0254663,-0.0166526,0.0257365
3172,1279,1271,-0.0109875,5.48E-05,0.00238173,0.0143313,0.00289436
3177,1280,1275,0.0116102,-0.0908781,-0.0246603,0.00735712,-0.00984345
3182,1281,1276,-0.00803512,0.000407607,-0.00154556,0.00515719,0.00570873
3187,1282,1277,-0.00658162,-0.00259998,-0.00484313,-0.00828277,0.00727782
3193,1283,1279,-0.00327551,0.00535725,0.00141038,-0.0055095,-0.00016106
3197,1284,1280,-0.0110306,-0.00264312,-0.00121092,0.00642701,-0.0021761
3203,1285,1281,-0.00847909,-0.00153471,-0.00378026,0.00211246,0.00332123
3207,1286,1282,0.0434846,0.00827858,-0.00565114,0.00151321,-0.00719622
3212,1288,1283,0.048072,0.00867359,-0.0147729,-4.54E-05,-0.00148937
3216,1289,1284,-0.00529662,-0.00166983,0.00267911,-0.00387139,0.00202181
3218,1290,1285,-0.00717785,7.99E-05,0.00199413,0.00472614,-0.000725381
3222,1292,1286,-0.00659769,0.00203861,0.00458174,0.0110387,0.00174517
3226,1293,1288,-0.00687788,-0.000797709,-0.0114608,-9.61E-05,-0.00499667
3231,1294,1289,-0.00588517,0.00524451,0.0106668,-0.00175346,-0.00994565
3233,1295,1290,-0.00813837,0.00380266,0.00269468,0.00435163,0.00758399
3238,1296,1292,-0.0030584,-9.04E-05,0.00519836,-0.00909482,0.00547478
3243,1299,1293,-0.00553369,0.0013549,0.0066523,-0.000554845,0.0104072
3249,1300,1294,-0.0081902,-0.00128053,-0.00509665,0.0100646,-0.00741583
3254,1301,1295,-0.00761152,0.00379535,0.00298507,0.0069432,0.00248732
3259,1304,1296,-0.00544905,-0.000128629,0.00672358,-0.00348446,0.00934893
3263,1306,1299,-0.0109409,0.00683699,-0.00352529,0.0118097,0.00669878
3264,1307,1300,-0.00544762,-0.00313473,0.00800654,0.00707888,0.000580814
3268,1308,1301,-0.00857451,-6.65E-06,-0.00803945,-0.00641806,0.00281843
3272,1309,1304,-0.0076451,0.0029276,-0.00092521,0.00489336,0.00818934
3277,1311,1306,-0.00236091,-0.00476152,0.0120969,-0.0031842,0.00818828
3282,1314,1307,-0.00802483,0.00483696,-0.00280691,0.00173161,-0.00707908
3287,1315,1308,0.00201099,-0.0553248,-0.0153432,0.00726481,-0.00610392
3293,1318,1309,-0.00842577,-0.0011975,-0.0089516,0.00473041,0.0111533
3299,1321,1311,-0.0072485,0.003361,-0.00741697,0.00704679,-0.00255975
3304,1322,1314,-0.010674,0.00330552,0.00999188,0.0159833,-0.000413531
3307,1326,1315,-0.00990449,-0.00438832,-0.0213912,-0.0292929,-0.00909856
3312,1330,1318,0.00602404,-0.00540646,-0.0027086,-0.0204236,0.00484923
3317,1331,1321,0.0430354,0.00312552,-0.00501542,0.00135888,0.00276492
3322,1334,1322,-0.00689276,0.00269446,-0.00606769,-0.0005659,0.00976669
3324,1337,1326,-0.0101865,0.00116142,-0.00224792,0.00439764,-0.00331216
3327,1338,1330,-0.00679008,0.00129306,0.00301872,0.00338141,0.0018019
3328,1339,1331,-0.00798768,0.00267523,0.00237973,-0.00140933,0.00214068
3332,1340,1334,-0.00439598,-0.00175539,0.0204058,0.00238968,0.00850192
3333,1341,1337,-0.00688629,0.0014593,0.000188237,-0.00196509,-0.0016486
3337,1346,1338,-0.00921755,0.00129908,-0.00801916,-0.00470277,0.00755639
3342,1350,1339,-0.00744896,0.001908,0.0014237,0.00195351,-0.00306911
3344,1351,1340,-0.00877462,-0.00108758,-0.0103807,-0.0112814,0.00218199
3350,1352,1341,0.0410313,0.00669215,-0.00926487,0.00499673,-0.00362236
3354,1357,1346,-0.00944082,0.00102497,0.00359877,0.00646697,-0.00227078
3355,1363,1350,-0.00471797,-0.000761608,0.000235986,0.00402176,-0.00373864
3357,1368,1351,-0.0113468,0.0104935,0.00528554,0.0110767,0.000998988
3362,1371,1352,-0.00808812,0.00570728,0.00601689,-0.000313685,-0.00568531
3366,1373,1357,-0.00731491,0.000750885,-0.000779143,-0.00224627,0.00310665
3370,1377,1363,-0.00779786,0.00179043,0.0060075,0.00346536,0.00194779
3373,1378,1368,0.0125266,-0.0924292,-0.0319947,0.0144539,-0.0237758
3376,1379,1371,-0.00891753,0.00150033,-0.000304399,0.0111228,0.0025328
3380,1380,1373,0.0202628,-0.015536,0.0205371,-0.0203305,0.0162236
3386,1382,1377,-0.00985102,0.00424323,-0.00502432,0.00841675,0.000892314
3391,1384,1378,-0.00910957,0.0011648,-0.00861122,-0.00786019,-0.00194257
3396,1387,1379,0.0446151,0.00570063,-0.00861526,0.0139736,0.00214872
3402,1389,1380,-0.00609429,-0.000930625,-0.00389414,0.00980283,0.00111398
3408,1391,1382,-0.00609913,0.00253387,0.000717647,0.0121933,-0.0025351
3409,1393,1384,-0.00377427,0.000582297,-0.00264872,-0.0100341,0.00286758
3415,1394,1387,-0.0114344,0.00227745,-0.00333622,-0.000429397,-0.00229681
3420,1397,1389,0.00491284,-0.0032868,0.00309199,-0.018565,-0.00338658
3423,1398,1391,0.0427457,0.0079432,-0.00784123,0.00279333,-0.00315981
3427,1400,1393,0.0268653,-0.0112979,0.0288368,-0.0179775,0.0164592
3429,1402,1394,-0.0138052,-0.00413148,-0.0304709,-0.0340846,-0.01151
3435,1406,1397,-0.00206034,0.0045556,-0.00338085,-0.000591444,0.00274726
3439,1408,1398,-0.00517727,0.00175842,0.0047861,0.00671524,0.0106788
3443,1409,1400,-0.00630694,0.00235211,-0.00777468,-0.0208672,-0.0154193
3446,1411,1402,0.0456593,7.99E-05,-0.00793614,-0.00447549,0.00284949
3448,1412,1406,-0.00729682,0.00454056,-0.0135362,-0.00859777,-0.00879447
3451,1414,1408,-0.00778838,0.00652947,-0.00284655,0.00753237,0.00731297
3456,1417,1409,-0.00597316,0.000373339,0.00604888,-0.00916666,-0.00728084
3460,1418,1411,0.0060118,-0.00157039,0.0123883,-0.0135945,0.00824088
3465,1419,1412,-0.00664081,-0.00188182,-0.00474422,-0.00606941,-0.00101678
3470,1420,1414,0.0457945,0.00360347,-0.000141783,-0.00284222,-0.00428267
3472,1421,1417,-0.00814248,0.00312932,-0.00650333,0.00422551,0.0115191
3476,1423,1418,-0.0110021,0.00104846,0.00587635,0.0192134,-0.00999619
3479,1425,1419,-0.0130089,0.00891266,-0.00751091,-0.00188684,0.00822644
3484,1426,1420,-0.00915475,0.00223144,-0.000588271,0.00714905,0.00123732
3487,1427,1421,-0.00733171,-0.000340456,-0.0108472,-0.00253159,0.0065065
3492,1430,1423,-0.0103773,0.00108393,0.00165304,0.0059541,0.000592565
3494,1435,1425,-0.0108003,0.00189197,-0.02167,-0.0335073,-0.00480614
,,1426,,,,,
,,1427,,,,,
,,1430,,,,,
,,1435,,,,,